店名,地址,電話,營業時間,Google評價,菜單圖片,,,,
Dish早餐屋,106台灣台北市大安區復興南路二段305號,02 8732 4331,"['Monday: 6:00 AM – 1:00 PM', 'Tuesday: 5:45 AM – 1:00 PM', 'Wednesday: 6:00 AM – 12:30 PM', 'Thursday: 5:45 AM – 1:00 PM', 'Friday: 5:45 AM – 1:00 PM', 'Saturday: 5:45 AM – 12:30 PM', 'Sunday: 5:45 AM – 12:30 PM']",4.6,,,,,
Prozac Balcony 百憂解陽台,106台灣台北市大安區復興南路二段309號,02 2377 1118,"['Monday: 8:00 PM – 2:00 AM', 'Tuesday: 8:00 PM – 2:00 AM', 'Wednesday: 8:00 PM – 2:00 AM', 'Thursday: 8:00 PM – 2:00 AM', 'Friday: 8:00 PM – 3:00 AM', 'Saturday: 8:00 PM – 3:00 AM', 'Sunday: 8:00 PM – 2:00 AM']",4.5,https://lh3.googleusercontent.com/p/AF1QipP9QmMBej5yPPL7YbR1xZEDhAe5nzrrl2pFoNBi=h400-no,,,,
寶飽的店,106 台灣台北市大安區復興南路二段313號,02 2738 5949,"['Monday: 6:00 AM – 2:30 PM', 'Tuesday: 6:00 AM – 2:30 PM', 'Wednesday: 6:00 AM – 2:30 PM', 'Thursday: 6:00 AM – 2:30 PM', 'Friday: 6:00 AM – 2:30 PM', 'Saturday: 6:00 AM – 2:30 PM', 'Sunday: Closed']",4.4,https://scontent-tpe1-1.xx.fbcdn.net/v/t1.0-9/71181935_2559730824121939_4867561534059970560_n.jpg?_nc_cat=110&ccb=2&_nc_sid=8bfeb9&_nc_ohc=Yd_JQfEEyf4AX94FeIq&_nc_ht=scontent-tpe1-1.xx&oh=fa0c3c76562c950ab99e1b6944a00419&oe=5FC5F05B,,,,
樂町屋,106台灣台北市大安區,02 2736 7335,,2.4,https://scontent-tpe1-1.xx.fbcdn.net/v/t1.0-9/52875355_1217788225062504_310643551316738048_n.jpg?_nc_cat=110&ccb=2&_nc_sid=730e14&_nc_ohc=tvkV1jlw518AX-mOVwc&_nc_ht=scontent-tpe1-1.xx&oh=324c6af0cf2ecf0ee2c4e8ba66919a4f&oe=5FC5A025,,,,
阿英海產粥,106台灣台北市大安區復興南路二段268號,0917 627 433,"['Monday: 11:00 AM – 1:30 PM, 4:30 – 11:00 PM', 'Tuesday: 11:00 AM – 1:30 PM, 4:30 – 11:00 PM', 'Wednesday: 11:00 AM – 1:30 PM, 4:30 – 11:00 PM', 'Thursday: 11:00 AM – 1:30 PM, 4:30 – 11:00 PM', 'Friday: 11:00 AM – 1:30 PM, 4:30 – 11:00 PM', 'Saturday: Closed', 'Sunday: Closed']",4.2,https://aniseblog.tw/wp-content/uploads/2018/10/1540636545-fa7595bd51f164bdbf10dc57a3e24e9f.jpg,,,,
發芽吧 Sprouting Bar,106台灣台北市大安區復興南路二段341號,02 2736 7968,"['Monday: 9:30 AM – 8:30 PM', 'Tuesday: 9:30 AM – 8:30 PM', 'Wednesday: 9:30 AM – 8:30 PM', 'Thursday: 9:30 AM – 8:30 PM', 'Friday: 9:30 AM – 8:30 PM', 'Saturday: 10:30 AM – 6:30 PM', 'Sunday: Closed']",5,https://scontent-tpe1-1.xx.fbcdn.net/v/t31.0-8/12628396_228861150786899_1012804621454565410_o.jpg?_nc_cat=100&ccb=2&_nc_sid=9267fe&_nc_ohc=3DNC_ThLFTUAX9K9D4L&_nc_ht=scontent-tpe1-1.xx&oh=0b62c574a466cbd271d263ea7c893819&oe=5FC507DC,,,,
Mr.Smile 好吃雞排,106台灣台北市大安區復興南路二段349號,0980 232 039,"['Monday: 3:00 PM – 12:00 AM', 'Tuesday: 3:00 PM – 12:00 AM', 'Wednesday: 3:00 PM – 12:00 AM', 'Thursday: 3:00 PM – 12:00 AM', 'Friday: 3:00 PM – 12:00 AM', 'Saturday: 3:00 PM – 12:00 AM', 'Sunday: Closed']",4.3,https://1.bp.blogspot.com/-eFPMXS1VQWQ/XWm-ZMfIuLI/AAAAAAAAFLY/PmDRCqZR1ZUmaam50DUSET_90kMoH4asQCLcBGAs/s640/%25E5%25A5%25BD%25E5%2590%2583%25E9%259B%259E%25E6%258E%2592.JPG,,,,
全國食養健康素食自助餐 大安復興店,106台灣台北市大安區復興南路二段314號,02 2736 1168,"['Monday: 10:30 AM – 2:00 PM, 4:30 – 8:00 PM', 'Tuesday: 10:30 AM – 2:00 PM, 4:30 – 8:00 PM', 'Wednesday: 10:30 AM – 2:00 PM, 4:30 – 8:00 PM', 'Thursday: 10:30 AM – 2:00 PM, 4:30 – 8:00 PM', 'Friday: 10:30 AM – 2:00 PM, 4:30 – 8:00 PM', 'Saturday: 10:30 AM – 2:00 PM, 4:30 – 8:00 PM', 'Sunday: 10:30 AM – 2:00 PM, 4:30 – 8:00 PM']",3.9,,,,,
胖老爹 復興南路店,106台灣台北市大安區復興南路二段333號,02 2377 0335,"['Monday: 4:00 – 11:00 PM', 'Tuesday: 4:00 – 11:00 PM', 'Wednesday: 4:00 – 11:00 PM', 'Thursday: 4:00 – 11:00 PM', 'Friday: 4:00 – 11:00 PM', 'Saturday: 4:00 – 11:00 PM', 'Sunday: 4:00 – 11:00 PM']",4,https://scontent-tpe1-1.xx.fbcdn.net/v/t1.0-9/62144085_2232486453508942_6266801534806261760_n.jpg?_nc_cat=101&ccb=2&_nc_sid=8024bb&_nc_ohc=_Rhtrvdqg28AX9fP2Z8&_nc_ht=scontent-tpe1-1.xx&oh=298a26d52d0b20158e054768b58001e2&oe=5FC2D165,,,,
點亮咖啡,106台灣台北市大安區復興南路二段332號,02 2736 9282,"['Monday: 12:00 – 7:00 PM', 'Tuesday: 12:00 – 7:00 PM', 'Wednesday: 12:00 – 7:00 PM', 'Thursday: 12:00 – 7:00 PM', 'Friday: 12:00 – 7:00 PM', 'Saturday: 12:00 – 7:00 PM', 'Sunday: 12:00 – 7:00 PM']",4.4,https://pic.pimg.tw/rick2012/1598961491-2839932998-g_n.jpg,https://pic.pimg.tw/rick2012/1598961489-506070481-g_n.jpg,,,
麥味登(北市復興店),106台灣台北市大安區復興南路二段377號,02 2736 2069,"['Monday: Closed', 'Tuesday: 6:30 AM – 2:30 PM', 'Wednesday: 6:30 AM – 2:30 PM', 'Thursday: 6:30 AM – 2:30 PM', 'Friday: 6:30 AM – 2:30 PM', 'Saturday: 6:30 AM – 2:30 PM', 'Sunday: 7:00 AM – 2:30 PM']",3.8,https://scontent-tpe1-1.xx.fbcdn.net/v/t1.0-9/55786278_1121842881331839_8303987510657155072_o.jpg?_nc_cat=100&ccb=2&_nc_sid=730e14&_nc_ohc=00Zht1NhbF4AX-zoRor&_nc_ht=scontent-tpe1-1.xx&oh=38ffb8aedee19a98cf1aacf8eaf98743&oe=5FC4A303,https://scontent-tpe1-1.xx.fbcdn.net/v/t1.0-9/54514795_1121842861331841_3373344456186003456_o.jpg?_nc_cat=107&ccb=2&_nc_sid=730e14&_nc_ohc=G3953BtevF4AX_DdPJb&_nc_oc=AQkTIil7shlthQ34qRLf5XexsC863pu_Z-wTJAhcNVkQdiTpSrxlwazW8VxXwhDp81k&_nc_ht=scontent-tpe1-1.xx&oh=44ab263402a7a0082c7b42b3b67c5670&oe=5FC4A413,,,
芝加哥比薩,106台灣台北市大安區復興南路二段379號,02 2707 2121,"['Monday: 11:00 AM – 8:00 PM', 'Tuesday: 11:00 AM – 8:00 PM', 'Wednesday: 11:00 AM – 8:00 PM', 'Thursday: 11:00 AM – 8:00 PM', 'Friday: 11:00 AM – 8:00 PM', 'Saturday: 11:00 AM – 8:00 PM', 'Sunday: 11:00 AM – 8:00 PM']",4.4,https://scontent-tpe1-1.xx.fbcdn.net/v/t1.0-9/80642398_2204571836513352_354115814422478848_o.jpg?_nc_cat=100&ccb=2&_nc_sid=e3f864&_nc_ohc=_d7loHvmHakAX8l8aJa&_nc_ht=scontent-tpe1-1.xx&oh=3d56f98d74048f2747d0313530428b23&oe=5FC57D14,,,,
瑞榮燒臘,106台灣台北市大安區復興南路二段346號,02 2377 0708,"['Monday: 11:00 AM – 2:00 PM, 5:00 – 7:00 PM', 'Tuesday: 11:00 AM – 2:00 PM, 5:00 – 7:00 PM', 'Wednesday: 11:00 AM – 2:00 PM, 5:00 – 7:00 PM', 'Thursday: 11:00 AM – 2:00 PM, 5:00 – 7:00 PM', 'Friday: 11:00 AM – 2:00 PM, 5:00 – 7:00 PM', 'Saturday: Closed', 'Sunday: Closed']",4.1,https://scontent-tpe1-1.xx.fbcdn.net/v/t1.0-9/14370169_1708204866168991_7321055221442898376_n.jpg?_nc_cat=110&ccb=2&_nc_sid=9267fe&_nc_ohc=jXB7VSVN46cAX9wIVJQ&_nc_ht=scontent-tpe1-1.xx&oh=0e4259f6de865619b6b2ccd4ccb4d0d4&oe=5FC32C16,,,,
麵屋壹?穴 ICHI,106台灣台北市大安區延吉街137巷22號,02 2711 4319,"['Monday: Closed', 'Tuesday: 11:30 AM – 3:00 PM, 5:30 – 9:00 PM', 'Wednesday: 11:30 AM – 3:00 PM, 5:30 – 9:00 PM', 'Thursday: 11:30 AM – 3:00 PM, 5:30 – 9:00 PM', 'Friday: 11:30 AM – 3:00 PM, 5:30 – 9:00 PM', 'Saturday: 11:30 AM – 3:00 PM, 5:30 – 9:00 PM', 'Sunday: 11:30 AM – 3:00 PM, 5:30 – 9:00 PM']",4.2,https://img.tenjo.tw/pixnet/7edcd60999c189234f28f86b71657530.jpg,,,,
壹之穴沾麵專門店,106台灣台北市大安區復興南路二段350號,02 2377 6326,"['Monday: 12:00 – 2:00 PM, 5:00 – 8:00 PM', 'Tuesday: 12:00 – 2:00 PM, 5:00 – 8:00 PM', 'Wednesday: 12:00 – 2:00 PM, 5:00 – 8:00 PM', 'Thursday: 12:00 – 2:00 PM, 5:00 – 8:00 PM', 'Friday: 12:00 – 2:00 PM, 5:00 – 8:00 PM', 'Saturday: 12:00 – 2:00 PM, 5:00 – 8:00 PM', 'Sunday: Closed']",4.3,https://pic.pimg.tw/jrrawlin/1577540415-1917833812_n.jpg,,,,
七里亭茶食館,106台灣台北市大安區瑞安街136號,02 2701 7727,"['Monday: Closed', 'Tuesday: 11:00 AM – 3:00 PM, 5:00 – 9:00 PM', 'Wednesday: 11:00 AM – 3:00 PM, 5:00 – 9:00 PM', 'Thursday: 11:00 AM – 3:00 PM, 5:00 – 9:00 PM', 'Friday: 11:00 AM – 3:00 PM, 5:00 – 9:00 PM', 'Saturday: 11:00 AM – 3:00 PM, 5:00 – 9:00 PM', 'Sunday: 11:00 AM – 3:00 PM, 5:00 – 9:00 PM']",4.2,https://pic.pimg.tw/smoony/1510218715-3631607559.jpg,,,,
長興小舖,106台灣台北市大安區復興南路二段362號,02 2739 5777,"['Monday: 11:30 AM – 2:00 PM, 5:00 – 8:00 PM', 'Tuesday: 11:30 AM – 2:00 PM, 5:00 – 8:00 PM', 'Wednesday: 11:30 AM – 2:00 PM', 'Thursday: 11:30 AM – 2:00 PM, 5:00 – 8:00 PM', 'Friday: 11:30 AM – 2:00 PM, 5:00 – 8:00 PM', 'Saturday: 11:30 AM – 2:00 PM', 'Sunday: Closed']",3.9,https://pic.pimg.tw/guccimakeup/1177392818.jpg,,,,
享喝果汁,106台灣台北市大安區復興南路二段364號1樓,02 2737 5985,"['Monday: 8:00 AM – 9:00 PM', 'Tuesday: 8:00 AM – 9:00 PM', 'Wednesday: 8:00 AM – 9:00 PM', 'Thursday: 8:00 AM – 9:00 PM', 'Friday: 8:00 AM – 9:00 PM', 'Saturday: 10:00 AM – 6:00 PM', 'Sunday: Closed']",4.9,,,,,
好好吃麵,106台灣台北市大安區和平東路二段118巷5號,0930 661 461,"['Monday: 11:30 AM – 2:00 PM, 5:00 – 8:00 PM', 'Tuesday: 11:30 AM – 2:00 PM, 5:00 – 8:00 PM', 'Wednesday: 11:30 AM – 2:00 PM, 5:00 – 8:00 PM', 'Thursday: 11:30 AM – 2:00 PM, 5:00 – 8:00 PM', 'Friday: 11:30 AM – 2:00 PM, 5:00 – 8:00 PM', 'Saturday: Closed', 'Sunday: Closed']",4.8,https://scontent-tpe1-1.xx.fbcdn.net/v/t1.0-9/52602548_440976320058145_962431295483281408_n.jpg?_nc_cat=107&ccb=2&_nc_sid=85a577&_nc_ohc=Few2TmBYijkAX9BEfsB&_nc_ht=scontent-tpe1-1.xx&oh=d2ac306b5653e6f4379b5cb62fa95ae0&oe=5FC415B7,,,,
格芮潘義式創意廚房,106台灣台北市大安區和平東路二段118巷5-1號,02 2736 0222,"['Monday: 11:00 AM – 2:00 PM, 5:00 – 9:00 PM', 'Tuesday: 11:00 AM – 2:00 PM, 5:00 – 9:00 PM', 'Wednesday: 11:00 AM – 2:00 PM, 5:00 – 9:00 PM', 'Thursday: 11:00 AM – 2:00 PM, 5:00 – 9:00 PM', 'Friday: 11:00 AM – 2:00 PM, 5:00 – 9:00 PM', 'Saturday: 11:00 AM – 2:00 PM, 5:00 – 9:00 PM', 'Sunday: 11:00 AM – 2:00 PM, 5:00 – 9:00 PM']",3.6,https://picdn.gomaji.com/uploads/stores/626/108626/246243/01.S.png,,,,
卡帛素食烘培?義式廚房?港式餐點 總店,106台灣台北市大安區復興南路二段308巷5號,02 2733 6819,"['Monday: 8:00 AM – 10:00 PM', 'Tuesday: 8:00 AM – 10:00 PM', 'Wednesday: 8:00 AM – 10:00 PM', 'Thursday: 8:00 AM – 10:00 PM', 'Friday: 8:00 AM – 10:00 PM', 'Saturday: 8:00 AM – 10:00 PM', 'Sunday: 8:00 AM – 9:30 PM']",4.2,https://i0.wp.com/jingxuan.tw/wp-content/uploads/20180826184348_26.jpg,,,,
大拇指早餐店,106台灣台北市大安區和平東路二段116號,02 2735 1386,"['Monday: 6:00 – 11:30 AM', 'Tuesday: 6:00 – 11:30 AM', 'Wednesday: 6:00 – 11:30 AM', 'Thursday: 6:00 – 11:30 AM', 'Friday: 6:00 – 11:30 AM', 'Saturday: Closed', 'Sunday: Closed']",3.9,https://scontent-tpe1-1.xx.fbcdn.net/v/t1.0-9/83085082_2530812567027335_1303776656011296768_o.jpg?_nc_cat=104&ccb=2&_nc_sid=8bfeb9&_nc_ohc=sSjVdnIFsXoAX-CBDpg&_nc_ht=scontent-tpe1-1.xx&oh=85eb3488c8ed10376db5be995aa661b5&oe=5FC558C5,,,,
山西刀削麵,106台灣台北市大安區和平東路二段118巷2號,02 2378 7890,"['Monday: 11:00 AM – 2:00 PM, 5:00 – 8:30 PM', 'Tuesday: 11:00 AM – 2:00 PM, 5:00 – 8:30 PM', 'Wednesday: 11:00 AM – 2:00 PM, 5:00 – 8:30 PM', 'Thursday: 11:00 AM – 2:00 PM, 5:00 – 8:30 PM', 'Friday: 11:00 AM – 2:00 PM, 5:00 – 8:30 PM', 'Saturday: 11:00 AM – 2:00 PM, 5:00 – 8:30 PM', 'Sunday: 11:00 AM – 2:00 PM, 5:00 – 8:30 PM']",3.8,https://cdn.walkerland.com.tw/images/upload/poi/p17874/m66948/bd527798c705bcbb65564fc79912e7d717f5bca0.jpg,,,,
靚咖哩,106台灣台北市大安區和平東路二段118巷2號,02 2732 2838,"['Monday: 11:00 AM – 2:30 PM, 4:30 – 8:30 PM', 'Tuesday: 11:00 AM – 2:30 PM, 4:30 – 8:30 PM', 'Wednesday: 11:00 AM – 2:30 PM, 4:30 – 8:30 PM', 'Thursday: 11:00 AM – 2:30 PM, 4:30 – 8:30 PM', 'Friday: 11:00 AM – 2:30 PM, 4:30 – 8:30 PM', 'Saturday: 11:00 AM – 2:00 PM', 'Sunday: Closed']",3.7,https://pic.pimg.tw/pjpj222/1479398068-1835334829_n.jpg,,,,
麵工坊義大利麵 大安店,106台灣台北市大安區和平東路二段118巷2弄1號1樓,02 2377 6186,"['Monday: 11:30 AM – 2:00 PM, 5:30 – 8:30 PM', 'Tuesday: 11:30 AM – 2:00 PM, 5:30 – 8:30 PM', 'Wednesday: 11:30 AM – 2:00 PM, 5:30 – 8:30 PM', 'Thursday: 11:30 AM – 2:00 PM, 5:30 – 8:30 PM', 'Friday: 11:30 AM – 2:00 PM, 5:30 – 8:30 PM', 'Saturday: 11:30 AM – 3:00 PM, 5:30 – 8:30 PM', 'Sunday: 11:30 AM – 3:00 PM, 5:30 – 8:30 PM']",4,https://scontent-tpe1-1.xx.fbcdn.net/v/t31.0-8/19983676_151381138765123_4572205656618014091_o.jpg?_nc_cat=101&ccb=2&_nc_sid=9267fe&_nc_ohc=GpbT2wMuRTcAX-AmNJ-&_nc_ht=scontent-tpe1-1.xx&oh=d0bc1309cdc385939a7253812100806d&oe=5FC2A761,,,,
發現義大利麵,106台灣台北市大安區和平東路二段118巷2之2號,02 8732 3723,"['Monday: 11:00 AM – 9:00 PM', 'Tuesday: 11:00 AM – 9:00 PM', 'Wednesday: 11:00 AM – 9:00 PM', 'Thursday: 11:00 AM – 9:00 PM', 'Friday: 11:00 AM – 9:00 PM', 'Saturday: 11:00 AM – 9:00 PM', 'Sunday: 11:00 AM – 9:00 PM']",3.5,https://www.tony60533.com/wp-content/uploads/15-35.jpg,,,,
五福餃子館和平二號店,106台灣台北市大安區和平東路二段118巷4弄2號,,,3.8,https://scontent-tpe1-1.xx.fbcdn.net/v/t31.0-8/18879890_1452986414745231_7774450938912696777_o.jpg?_nc_cat=107&ccb=2&_nc_sid=9267fe&_nc_ohc=LT6RJ5o_ugsAX8cIkcM&_nc_ht=scontent-tpe1-1.xx&oh=011ca18719672885a1b6e07c356e69a4&oe=5FC50C36,,,,
人間革命咖啡館 RevoCafe,106台灣台北市大安區和平東路二段118巷4-1號,02 2737 3437,"['Monday: 8:00 AM – 5:00 PM', 'Tuesday: 8:00 AM – 5:00 PM', 'Wednesday: 8:00 AM – 5:00 PM', 'Thursday: 8:00 AM – 5:00 PM', 'Friday: 8:00 AM – 5:00 PM', 'Saturday: 12:00 – 5:00 PM', 'Sunday: Closed']",5,https://pic.pimg.tw/six6plow/1565355766-2806066492_n.jpg,,,,
Ooh Cha Cha 自然食科技大樓 & Hooch,106台灣台北市大安區和平東路二段118巷4-1號,02 2737 2994,"['Monday: 10:00 AM – 10:00 PM', 'Tuesday: 10:00 AM – 10:00 PM', 'Wednesday: 10:00 AM – 10:00 PM', 'Thursday: 10:00 AM – 10:00 PM', 'Friday: 10:00 AM – 10:00 PM', 'Saturday: 10:00 AM – 10:00 PM', 'Sunday: 10:00 AM – 10:00 PM']",4.4,https://www.triplew.tw/wp-content/uploads/2020/02/Woo-Cha-Cha-menu-c-1024x727.jpg,https://www.triplew.tw/wp-content/uploads/2020/02/Woo-Cha-Cha-menu-d-1024x727.jpg,,,
貝倫烘焙餐坊 台北店,106台灣台北市大安區和平東路二段118巷37號,02 2732 3391,"['Monday: 8:00 AM – 9:00 PM', 'Tuesday: 8:00 AM – 9:00 PM', 'Wednesday: 8:00 AM – 9:00 PM', 'Thursday: 8:00 AM – 9:00 PM', 'Friday: 8:00 AM – 9:00 PM', 'Saturday: 8:00 AM – 9:00 PM', 'Sunday: 8:00 AM – 9:00 PM']",3.7,https://scontent-tpe1-1.xx.fbcdn.net/v/t1.0-9/89961765_2728401133904313_5919117601413267456_n.jpg?_nc_cat=101&ccb=2&_nc_sid=730e14&_nc_ohc=1Obv3xlclJQAX_QjQha&_nc_ht=scontent-tpe1-1.xx&oh=60952a7c85e981b17e966bb765433ce1&oe=5FC384BF,https://scontent-tpe1-1.xx.fbcdn.net/v/t1.0-9/90162828_2728401147237645_7502612455072202752_n.jpg?_nc_cat=103&ccb=2&_nc_sid=730e14&_nc_ohc=bnh8kN06UIcAX-_82uF&_nc_ht=scontent-tpe1-1.xx&oh=4e066cf9afb0bfa764626e4508a564b2&oe=5FC30A60,https://scontent-tpe1-1.xx.fbcdn.net/v/t1.0-9/89845498_2728401203904306_5695653699997663232_n.jpg?_nc_cat=108&ccb=2&_nc_sid=730e14&_nc_ohc=0r-zONZwbgAAX99qT0P&_nc_ht=scontent-tpe1-1.xx&oh=df5e642a0bfd89d6afed588412a5ed49&oe=5FC54CFD,https://scontent-tpe1-1.xx.fbcdn.net/v/t1.0-9/90399719_2728401213904305_4931237602498969600_n.jpg?_nc_cat=110&ccb=2&_nc_sid=730e14&_nc_ohc=4ktrGW20bfUAX82FwhN&_nc_ht=scontent-tpe1-1.xx&oh=825da2e1825121bd9ff4f36dda5af7b8&oe=5FC38C2F,https://scontent-tpe1-1.xx.fbcdn.net/v/t1.0-9/89712866_2728401267237633_3462678551877124096_n.jpg?_nc_cat=110&ccb=2&_nc_sid=730e14&_nc_ohc=SA6bU9PxGNoAX98jfIu&_nc_ht=scontent-tpe1-1.xx&oh=0847e77ec57ce65e12e7328c3cf411f2&oe=5FC366D7
成都川菜小吃,106台灣台北市大安區和平東路二段118巷41號,02 2733 1143,"['Monday: 12:00 – 8:15 PM', 'Tuesday: 12:00 – 8:15 PM', 'Wednesday: 12:00 – 8:15 PM', 'Thursday: 12:00 – 8:15 PM', 'Friday: 12:00 – 8:15 PM', 'Saturday: 12:00 – 8:15 PM', 'Sunday: 12:00 – 8:15 PM']",3.7,https://pic.pimg.tw/eeooa0314/1576600522-3567183190.jpg,,,,
巧味快餐,106台灣台北市大安區和平東路二段118巷43號,02 2733 9930,"['Monday: 11:00 AM – 2:00 PM, 5:00 – 8:00 PM', 'Tuesday: 11:00 AM – 2:00 PM, 5:00 – 8:00 PM', 'Wednesday: 11:00 AM – 2:00 PM, 5:00 – 8:00 PM', 'Thursday: 11:00 AM – 2:00 PM, 5:00 – 8:00 PM', 'Friday: 11:00 AM – 2:00 PM, 5:00 – 8:00 PM', 'Saturday: Closed', 'Sunday: 11:00 AM – 2:00 PM, 5:00 – 8:00 PM']",4.1,https://scontent-tpe1-1.xx.fbcdn.net/v/t1.0-9/40266596_330546571022503_3180162475093917696_n.jpg?_nc_cat=101&ccb=2&_nc_sid=0debeb&_nc_ohc=GAcIwLGz8yoAX-IDkqD&_nc_ht=scontent-tpe1-1.xx&oh=00cec580ead80417c2ed8c27257f2112&oe=5FC61E3A,,,,
大叔蔬食,106台灣台北市大安區和平東路二段118巷47號,02 2735 9274,,3.6,https://scontent-tpe1-1.xx.fbcdn.net/v/t31.0-0/p180x540/18556733_1078241818946942_1927458720287037373_o.jpg?_nc_cat=105&ccb=2&_nc_sid=dd9801&_nc_ohc=V-mk29ZD3FgAX8hGVqe&_nc_ht=scontent-tpe1-1.xx&tp=6&oh=1dc0ba8d200be2d7bc11ce0a779851e5&oe=5FC5E452,,,,
搗飛豆花 Tofu Pudding,106台灣台北市大安區和平東路二段118巷47號,02 2735 4570,"['Monday: 12:00 – 10:30 PM', 'Tuesday: 12:00 – 10:30 PM', 'Wednesday: 12:00 – 10:30 PM', 'Thursday: 12:00 – 10:30 PM', 'Friday: 12:00 – 10:30 PM', 'Saturday: 12:00 – 10:30 PM', 'Sunday: 12:00 – 10:30 PM']",4.2,https://lh3.googleusercontent.com/p/AF1QipOXqClsQf49EN1_iuTqPF9LiQJjg9Bt3Sdkmgem=s768-p-no-v1,,,,
馬祖麵館,106台灣台北市大安區瑞安街155之3號,02 2755 7918,"['Monday: 9:30 AM – 9:30 PM', 'Tuesday: 9:00 AM – 9:30 PM', 'Wednesday: 9:30 AM – 9:30 PM', 'Thursday: 9:30 AM – 9:30 PM', 'Friday: 9:30 AM – 9:30 PM', 'Saturday: 9:30 AM – 9:30 PM', 'Sunday: 9:00 AM – 9:30 PM']",3.7,https://cdn.walkerland.com.tw/images/upload/poi/p50827/m45715/342fc8bff481d32b34c21d0c5a3ea1e35b9bb16f.jpg,,,,
台南周氏冰鎮滷味 台北大安店,106台灣台北市大安區大安路一段177號,02 2755 5288,"['Monday: 10:00 AM – 10:00 PM', 'Tuesday: 10:00 AM – 10:00 PM', 'Wednesday: 10:00 AM – 10:00 PM', 'Thursday: 10:00 AM – 10:00 PM', 'Friday: 10:00 AM – 10:00 PM', 'Saturday: 10:00 AM – 10:00 PM', 'Sunday: 10:00 AM – 10:00 PM']",4.3,https://scontent-tpe1-1.xx.fbcdn.net/v/t1.0-9/p843x403/37633110_2001628983192301_5408075201097236480_o.jpg?_nc_cat=103&ccb=2&_nc_sid=0debeb&_nc_ohc=KgKTYaR6w58AX8ma0S8&_nc_ht=scontent-tpe1-1.xx&tp=6&oh=38d7d3032af2c7458aa861d173c0591d&oe=5FC4E23E,,,,
台南周氏冰鎮滷味(和平店),106台灣台北市大安區和平東路二段118巷53號,02 2733 2822,"['Monday: 10:00 AM – 10:00 PM', 'Tuesday: 10:00 AM – 10:00 PM', 'Wednesday: 10:00 AM – 10:00 PM', 'Thursday: 10:00 AM – 10:00 PM', 'Friday: 10:00 AM – 10:00 PM', 'Saturday: 10:00 AM – 10:00 PM', 'Sunday: 10:00 AM – 8:00 PM']",4.2,https://scontent-tpe1-1.xx.fbcdn.net/v/t1.0-9/p843x403/37633110_2001628983192301_5408075201097236480_o.jpg?_nc_cat=103&ccb=2&_nc_sid=0debeb&_nc_ohc=KgKTYaR6w58AX8ma0S8&_nc_ht=scontent-tpe1-1.xx&tp=6&oh=38d7d3032af2c7458aa861d173c0591d&oe=5FC4E23E,,,,
3隻貓頭鷹文創,106台灣台北市大安區和平東路二段96巷15弄38號,02 2377 0995,"['Monday: 11:00 AM – 9:00 PM', 'Tuesday: 11:00 AM – 9:00 PM', 'Wednesday: 11:00 AM – 9:00 PM', 'Thursday: 11:00 AM – 9:00 PM', 'Friday: 11:00 AM – 9:00 PM', 'Saturday: 9:00 AM – 9:30 PM', 'Sunday: 9:00 AM – 9:30 PM']",4.1,https://julie1798.com/wp-content/uploads/flickr/36674516742_1e5760bd15_c.jpg,https://julie1798.com/wp-content/uploads/flickr/36674516692_6ab5397c6d_c.jpg,,,
Stoppage Time 補時,106台灣台北市大安區和平東路二段96巷15弄30號,02 2736 6506,"['Monday: 11:00 AM – 11:00 PM', 'Tuesday: 11:00 AM – 11:00 PM', 'Wednesday: 11:00 AM – 11:00 PM', 'Thursday: 11:00 AM – 11:00 PM', 'Friday: 11:00 AM – 11:00 PM', 'Saturday: 11:00 AM – 11:00 PM', 'Sunday: 11:00 AM – 11:00 PM']",4.3,https://immian.com/wp-content/uploads/20160911140357_29.jpg,,,,
采味食光Give Happiness,106台灣台北市大安區和平東路二段118巷36號,02 2736 6256,"['Monday: 11:45 AM – 2:00 PM, 5:15 – 8:30 PM', 'Tuesday: 11:45 AM – 2:00 PM, 5:15 – 8:30 PM', 'Wednesday: 11:45 AM – 2:00 PM, 5:15 – 8:30 PM', 'Thursday: 11:45 AM – 2:00 PM, 5:15 – 8:30 PM', 'Friday: 11:45 AM – 2:00 PM, 5:15 – 8:30 PM', 'Saturday: 11:30 AM – 2:00 PM, 5:15 – 8:30 PM', 'Sunday: 11:30 AM – 2:00 PM, 5:15 – 8:30 PM']",4.3,https://farm8.staticflickr.com/7817/32506668447_a08c6e10c8_c.jpg,,,,
Oneway CAFE玩味咖啡,106台灣台北市大安區和平東路二段118巷38-1號,02 2736 1000,"['Monday: 9:30 AM – 10:00 PM', 'Tuesday: 9:30 AM – 10:00 PM', 'Wednesday: 9:30 AM – 10:00 PM', 'Thursday: 9:30 AM – 10:00 PM', 'Friday: 9:30 AM – 10:00 PM', 'Saturday: 9:30 AM – 10:00 PM', 'Sunday: 9:30 AM – 10:00 PM']",4.6,https://pic.gomaji.com/uploads/stores/452/83452/94796/21790-(2).jpg,,,,
蒜翻天鹽酥雞,106台灣台北市大安區,,,5,https://scontent-tpe1-1.xx.fbcdn.net/v/t1.0-9/10168149_1480860795463184_1279477342_n.jpg?_nc_cat=102&ccb=2&_nc_sid=8bfeb9&_nc_ohc=Qtqz_tUBmR0AX_Cp7AE&_nc_oc=AQkHMuMVkROTY4u6SZopQCxaYoy5UKuyXZNL1IoAHklxt15t9iK90UXyJNVOl8E7B9I&_nc_ht=scontent-tpe1-1.xx&oh=b1327a2fc88302540f132aa635450388&oe=5FC65241,,,,
忠誠山東蔥油餅 - 此燈亮有餅,106台灣台北市大安區和平東路二段118巷44號,02 2735 2821,"['Monday: 11:00 AM – 8:30 PM', 'Tuesday: 11:00 AM – 8:30 PM', 'Wednesday: 11:00 AM – 8:30 PM', 'Thursday: 11:00 AM – 8:30 PM', 'Friday: Closed', 'Saturday: 11:00 AM – 8:30 PM', 'Sunday: 11:00 AM – 8:30 PM']",4.1,https://angelala.tw/wp-content/uploads/img/pixnet/9fc9b0bbd79d6c6603d9bce238ca3970.jpg,,,,
邦食堂,106台灣台北市大安區和平東路二段96巷17弄28號,02 2736 1316,"['Monday: 11:30 AM – 2:00 PM, 5:30 – 8:00 PM', 'Tuesday: 11:30 AM – 2:00 PM, 5:30 – 8:00 PM', 'Wednesday: 11:30 AM – 2:00 PM, 5:30 – 8:00 PM', 'Thursday: 11:30 AM – 2:00 PM, 5:30 – 8:00 PM', 'Friday: 11:30 AM – 2:00 PM, 5:30 – 8:00 PM', 'Saturday: 11:30 AM – 2:00 PM, 5:30 – 8:00 PM', 'Sunday: Closed']",4.1,https://scontent.fymy1-2.fna.fbcdn.net/v/t1.0-9/s720x720/119979793_2948058345300649_5180391188883531621_o.jpg?_nc_cat=110&_nc_sid=110474&_nc_ohc=P05bUuROaMYAX-T5kKU&_nc_ht=scontent.fymy1-2.fna&tp=7&oh=baf00c4c2634ea6db8b33082868d27df&oe=5FAEDE04,,,,
就是幸福鍋物-大安推薦個人鍋|平價火鍋|必吃鍋物|必吃火鍋|在地推薦火鍋|CP鍋物,106台灣台北市大安區和平東路二段96巷17弄28號,02 2738 5202,"['Monday: 11:00 AM – 2:00 PM, 5:00 – 8:00 PM', 'Tuesday: 11:00 AM – 2:00 PM, 5:00 – 8:00 PM', 'Wednesday: 11:00 AM – 2:00 PM, 5:00 – 8:00 PM', 'Thursday: 11:00 AM – 2:00 PM, 5:00 – 8:00 PM', 'Friday: 11:00 AM – 2:00 PM, 5:00 – 8:00 PM', 'Saturday: 11:00 AM – 2:00 PM, 5:00 – 8:00 PM', 'Sunday: 11:00 AM – 2:00 PM, 5:00 – 8:00 PM']",4.7,,,,,
卡瓦利義式咖啡 Cavaralli,106台灣台北市大安區永康街2巷5號,02 2394 7516,"['Monday: 9:30 AM – 11:00 PM', 'Tuesday: 9:30 AM – 11:00 PM', 'Wednesday: 9:30 AM – 11:00 PM', 'Thursday: 9:30 AM – 11:00 PM', 'Friday: 9:30 AM – 11:30 PM', 'Saturday: 9:30 AM – 11:30 PM', 'Sunday: 9:30 AM – 11:00 PM']",4.2,https://cdn.walkerland.com.tw/images/upload/poi/p36014/m42527/b3250116fe6fa82de96299c39b237cd9bca8f15c.jpg,https://cdn.walkerland.com.tw/images/upload/poi/p36014/m42527/14afa9a4ea26a5b6dfcc39a030618ca79a79965f.jpg,,,
滇味小廚,106台灣台北市大安區復興南路二段340巷5號,02 2736 4269,"['Monday: 11:00 AM – 2:00 PM, 5:00 – 9:00 PM', 'Tuesday: 11:00 AM – 2:00 PM, 5:00 – 9:00 PM', 'Wednesday: 11:00 AM – 2:00 PM, 5:00 – 9:00 PM', 'Thursday: 11:00 AM – 2:00 PM, 5:00 – 9:00 PM', 'Friday: 11:00 AM – 2:00 PM, 5:00 – 9:00 PM', 'Saturday: 11:00 AM – 2:30 PM, 5:00 – 9:00 PM', 'Sunday: 11:00 AM – 2:30 PM, 5:00 – 9:00 PM']",3.8,https://cdn.walkerland.com.tw/images/upload/poi/p36282/m64751/010cfc991ad528bde437aae54a9dc5783a594588.jpg,,,,
貞有緣素食,106台灣台北市大安區復興南路二段340巷2號,02 2737 1663,"['Monday: 11:30 AM – 2:30 PM, 5:00 – 8:00 PM', 'Tuesday: 11:30 AM – 2:30 PM, 5:00 – 8:00 PM', 'Wednesday: 11:30 AM – 2:30 PM, 5:00 – 8:00 PM', 'Thursday: 11:30 AM – 2:30 PM, 5:00 – 8:00 PM', 'Friday: 11:30 AM – 2:30 PM, 5:00 – 8:00 PM', 'Saturday: Closed', 'Sunday: Closed']",4.5,,,,,
河內美食（Hanoi Food),106台灣台北市大安區和平東路二段118巷57號,02 2737 5971,"['Monday: 11:00 AM – 9:00 PM', 'Tuesday: 11:00 AM – 9:00 PM', 'Wednesday: 11:00 AM – 9:00 PM', 'Thursday: 11:00 AM – 9:00 PM', 'Friday: 11:00 AM – 9:00 PM', 'Saturday: 11:00 AM – 9:00 PM', 'Sunday: 11:00 AM – 9:00 PM']",4.2,https://lh3.googleusercontent.com/vZonyeAIKfts5gtIr5MTf9vDSVZjE8fq4m1Q5CGnZBv0LL-4CMJVgYTqoDVuoGJi36IqdzYzwJ8dPNmcy9fE4sie3rcSjg=s767,,,,
小李子清粥小菜,106台灣台北市大安區復興南路二段142之1號,02 2709 2849,"['Monday: 5:00 PM – 6:00 AM', 'Tuesday: 5:00 PM – 6:00 AM', 'Wednesday: 5:00 PM – 6:00 AM', 'Thursday: 5:00 PM – 6:00 AM', 'Friday: 5:00 PM – 6:00 AM', 'Saturday: 5:00 PM – 6:00 AM', 'Sunday: 5:00 PM – 6:00 AM']",3.8,https://scontent-tpe1-1.xx.fbcdn.net/v/t1.0-9/116080889_3127820690601236_5938282525350718375_n.jpg?_nc_cat=104&ccb=2&_nc_sid=110474&_nc_ohc=SLce6lOSbusAX_fzEPQ&_nc_ht=scontent-tpe1-1.xx&oh=2e8cf8f248497ab9ae2376327c713158&oe=5FC2CE57,,,,
呂 巷仔內米粉湯,106台灣台北市大安區和平東路二段118巷48號,02 2737 0523,"['Monday: 10:30 AM – 2:30 PM, 4:00 – 8:00 PM', 'Tuesday: 10:30 AM – 2:30 PM, 4:00 – 8:00 PM', 'Wednesday: 10:30 AM – 2:30 PM, 4:00 – 8:00 PM', 'Thursday: 10:30 AM – 2:30 PM, 4:00 – 8:00 PM', 'Friday: 10:30 AM – 2:30 PM, 4:00 – 8:00 PM', 'Saturday: 6:30 AM – 2:00 PM', 'Sunday: Closed']",4.3,https://scontent-tpe1-1.xx.fbcdn.net/v/t1.0-9/30709135_985615431613119_4489679737148407808_n.jpg?_nc_cat=104&ccb=2&_nc_sid=730e14&_nc_ohc=t-0nwieTV2UAX-EczRA&_nc_oc=AQkj1GZf_OydGLiQMYqj2osaH4WczIK9Kgjyudyi2nCrxWocRdOlIO5a0MbVchLT6YQ&_nc_ht=scontent-tpe1-1.xx&oh=57201cbb5f03c2d53e97ef72927fc5f4&oe=5FC2FDBE,,,,
四面八方,106台灣台北市大安區復興南路二段340巷10號,02 2378 8708,"['Monday: 11:00 AM – 9:00 PM', 'Tuesday: 11:00 AM – 9:00 PM', 'Wednesday: 11:00 AM – 9:00 PM', 'Thursday: 11:00 AM – 9:00 PM', 'Friday: 11:00 AM – 9:00 PM', 'Saturday: 11:00 AM – 9:00 PM', 'Sunday: 11:00 AM – 9:00 PM']",4.2,https://scontent-tpe1-1.xx.fbcdn.net/v/t1.0-9/18581666_432774793746831_13727857568536844_n.jpg?_nc_cat=103&ccb=2&_nc_sid=dd9801&_nc_ohc=oD4s8yO7uQwAX8aYnxp&_nc_ht=scontent-tpe1-1.xx&oh=eb762c428801bb90794cacc1677cb059&oe=5FC47861,,,,
I’m Pasta 和平店,106台灣台北市大安區和平東路二段118巷50號,02 2735 3535,"['Monday: 11:00 AM – 3:30 PM, 5:00 – 8:30 PM', 'Tuesday: 11:00 AM – 3:30 PM, 5:00 – 8:30 PM', 'Wednesday: 11:00 AM – 3:30 PM, 5:00 – 8:30 PM', 'Thursday: 11:00 AM – 3:30 PM, 5:00 – 8:30 PM', 'Friday: 11:00 AM – 3:30 PM, 5:00 – 8:30 PM', 'Saturday: 11:00 AM – 3:30 PM, 5:00 – 8:30 PM', 'Sunday: 11:00 AM – 3:30 PM, 5:00 – 8:30 PM']",4.1,https://cdn.walkerland.com.tw/images/upload/poi/p92366/m78869/4fe7950106960d9229f02dfde3b4666425054e0f.jpg,,,,
I' m Pasta 延吉店,106台灣台北市大安區延吉街137巷21號,02 2778 5755,"['Monday: 11:00 AM – 3:30 PM, 5:00 – 8:30 PM', 'Tuesday: 11:00 AM – 3:30 PM, 5:00 – 8:30 PM', 'Wednesday: 11:00 AM – 3:30 PM, 5:00 – 8:30 PM', 'Thursday: 11:00 AM – 3:30 PM, 5:00 – 8:30 PM', 'Friday: 11:00 AM – 3:30 PM, 5:00 – 8:30 PM', 'Saturday: 11:00 AM – 3:30 PM, 5:00 – 8:30 PM', 'Sunday: 11:00 AM – 3:30 PM, 5:00 – 8:30 PM']",4.1,https://scontent-tpe1-1.xx.fbcdn.net/v/t1.0-9/69927793_546486999431111_7032769794831024128_n.jpg?_nc_cat=109&ccb=2&_nc_sid=8bfeb9&_nc_ohc=K6O11MJTFwkAX8TX3uT&_nc_ht=scontent-tpe1-1.xx&oh=cbf2e8d6bc7248aaa40a85a3616e93df&oe=5FC58D06,,,,
空杯國際-和平店,106台灣台北市大安區和平東路二段118巷52弄1號,02 2736 5040,"['Monday: 11:00 AM – 9:30 PM', 'Tuesday: 11:00 AM – 9:30 PM', 'Wednesday: 11:00 AM – 9:30 PM', 'Thursday: 11:00 AM – 9:30 PM', 'Friday: 11:00 AM – 9:30 PM', 'Saturday: 11:00 AM – 9:30 PM', 'Sunday: 11:00 AM – 9:30 PM']",3.6,https://scontent-tpe1-1.xx.fbcdn.net/v/t1.0-9/50283426_1107864016041188_8117110219433050112_o.jpg?_nc_cat=106&ccb=2&_nc_sid=730e14&_nc_ohc=I0n4SrcTTzQAX8nceoj&_nc_oc=AQliMU6km3isrVWCk4OLoBp4uC2SoI86u9EQTjSc-ntSTu85LkM2xEodZ_DJV5kRYXg&_nc_ht=scontent-tpe1-1.xx&oh=363c902276aecf2b9bf75cf3e9f3e331&oe=5FC3B1C8,,,,
憶馬當鮮 馬來西亞風味料理,106台灣台北市大安區和平東路二段118巷61號,02 2377 3899,"['Monday: 11:30 AM – 2:00 PM, 5:00 – 8:00 PM', 'Tuesday: 11:30 AM – 2:00 PM, 5:00 – 8:00 PM', 'Wednesday: 11:30 AM – 2:00 PM, 5:00 – 8:00 PM', 'Thursday: 11:30 AM – 2:00 PM, 5:00 – 8:00 PM', 'Friday: 11:30 AM – 2:00 PM, 5:00 – 8:00 PM', 'Saturday: Closed', 'Sunday: 11:30 AM – 2:00 PM, 5:00 – 8:00 PM']",4,https://pic.pimg.tw/ahmoon88/1494765547-4200552966_l.jpg?v=1494765706,,,,
穰穰-大安銅板美食|大安必吃小吃|台大美食|科技大樓美食|大安牛肉麵|大安魯肉飯,106台灣台北市大安區和平東路二段118巷61之1號,02 2737 2939,"['Monday: 11:00 AM – 2:00 PM, 5:00 – 8:00 PM', 'Tuesday: 11:00 AM – 2:00 PM, 5:00 – 8:00 PM', 'Wednesday: 11:00 AM – 2:00 PM, 5:00 – 8:00 PM', 'Thursday: 11:00 AM – 2:00 PM, 5:00 – 8:00 PM', 'Friday: 11:00 AM – 2:00 PM, 5:00 – 8:00 PM', 'Saturday: 11:00 AM – 3:00 PM', 'Sunday: Closed']",4.1,https://scontent-tpe1-1.xx.fbcdn.net/v/t1.0-9/102433131_115495716859182_1995784981547221637_n.jpg?_nc_cat=110&ccb=2&_nc_sid=0debeb&_nc_ohc=wqq38BvThB4AX_TZM16&_nc_ht=scontent-tpe1-1.xx&oh=93c9c71987de5890a7dc2818b38edae7&oe=5FC28326,,,,
香港甜品屋,106台灣台北市大安區仁愛路四段345巷5弄1號,02 2775 1024,"['Monday: 11:00 AM – 6:00 PM', 'Tuesday: 11:00 AM – 6:00 PM', 'Wednesday: 11:00 AM – 6:00 PM', 'Thursday: 11:00 AM – 6:00 PM', 'Friday: 11:00 AM – 6:00 PM', 'Saturday: Closed', 'Sunday: Closed']",4,,,,,
二八麵堂,106台灣台北市大安區和平東路二段118巷65-4號,02 2738 5035,"['Monday: 11:00 AM – 3:00 PM, 5:00 – 9:00 PM', 'Tuesday: 11:00 AM – 3:00 PM, 5:00 – 9:00 PM', 'Wednesday: 11:00 AM – 3:00 PM, 5:00 – 9:00 PM', 'Thursday: 11:00 AM – 3:00 PM, 5:00 – 9:00 PM', 'Friday: 11:00 AM – 3:00 PM, 5:00 – 9:00 PM', 'Saturday: 11:00 AM – 3:00 PM, 5:00 – 9:00 PM', 'Sunday: 11:00 AM – 3:00 PM, 5:00 – 9:00 PM']",4,https://khhthomas.github.io/final/images/Menu/noodle02.jpg,,,,
珍品味泰式炭烤（師大第一腿）,106台灣台北市大安區和平東路二段118巷67號,02 2737 5544,"['Monday: 10:30 AM – 8:00 PM', 'Tuesday: 10:30 AM – 8:00 PM', 'Wednesday: 10:30 AM – 8:00 PM', 'Thursday: 10:30 AM – 8:00 PM', 'Friday: 10:30 AM – 8:00 PM', 'Saturday: 10:30 AM – 8:00 PM', 'Sunday: 10:30 AM – 8:00 PM']",3.7,https://cdn.walkerland.com.tw/images/upload/poi/p81753/m64751/5bd9bb5ce8c1b6d02519b0f1b844f7a1fa7df865.jpg,,,,
紫牛平價牛排,106台灣台北市大安區和平東路二段118巷69號,02 2737 4179,"['Monday: 11:30 AM – 9:00 PM', 'Tuesday: 11:30 AM – 9:00 PM', 'Wednesday: 11:30 AM – 9:00 PM', 'Thursday: 11:30 AM – 9:00 PM', 'Friday: 11:30 AM – 9:00 PM', 'Saturday: 11:30 AM – 9:00 PM', 'Sunday: 11:30 AM – 9:00 PM']",3.6,https://khhthomas.github.io/final/images/Menu/other14.jpg,,,,
源士林粥品（台大店）,106台灣台北市大安區和平東路二段118巷67-1號號,02 2732 4312,"['Monday: 11:00 AM – 8:40 PM', 'Tuesday: 11:00 AM – 8:40 PM', 'Wednesday: 11:00 AM – 8:40 PM', 'Thursday: 11:00 AM – 8:40 PM', 'Friday: 11:00 AM – 8:40 PM', 'Saturday: 11:00 AM – 8:40 PM', 'Sunday: 11:00 AM – 8:40 PM']",3.9,http://www.0800040040.com.tw/uploads/menu.jpg,,,,
叮叮食堂,106台灣台北市大安區和平東路二段118巷71號,02 2738 0620,"['Monday: 11:30 AM – 2:00 PM', 'Tuesday: 11:30 AM – 2:00 PM', 'Wednesday: 11:30 AM – 2:00 PM', 'Thursday: 11:30 AM – 2:00 PM', 'Friday: 11:30 AM – 2:00 PM', 'Saturday: Closed', 'Sunday: 11:30 AM – 2:00 PM, 5:00 – 7:30 PM']",4.4,https://khhthomas.github.io/final/images/Menu/rice20.jpg,,,,
台灣第一腿(泰式碳烤),106台灣台北市大安區和平東路二段118巷73號,02 8732 7713,"['Monday: 10:00 AM – 8:00 PM', 'Tuesday: 10:00 AM – 8:00 PM', 'Wednesday: 10:00 AM – 8:00 PM', 'Thursday: 10:00 AM – 8:00 PM', 'Friday: 10:00 AM – 8:00 PM', 'Saturday: 10:00 AM – 8:00 PM', 'Sunday: 10:00 AM – 8:00 PM']",3,,,,,
微笑廚房洋食館,106台灣台北市大安區和平東路二段118巷54弄3號,02 2736 3396,"['Monday: 11:30 AM – 2:30 PM, 5:00 – 8:00 PM', 'Tuesday: 11:30 AM – 2:30 PM, 5:00 – 8:00 PM', 'Wednesday: 11:30 AM – 2:30 PM, 5:00 – 8:00 PM', 'Thursday: 11:30 AM – 2:30 PM, 5:00 – 8:00 PM', 'Friday: 11:30 AM – 2:00 PM, 5:00 – 9:00 PM', 'Saturday: 11:30 AM – 2:00 PM, 5:00 – 9:00 PM', 'Sunday: Closed']",4,https://img.paulyear.com/pixnet/7d6b37feb5f5e92542c7ff9129977c2e.jpg,,,,
林師傅上菜,106台灣台北市大安區和平東路二段118巷54弄9號之1號,0908 337 987,"['Monday: 11:00 AM – 2:30 PM, 5:00 – 8:30 PM', 'Tuesday: 11:00 AM – 2:30 PM, 5:00 – 8:30 PM', 'Wednesday: 11:00 AM – 2:30 PM, 5:00 – 8:30 PM', 'Thursday: 11:00 AM – 2:30 PM, 5:00 – 8:30 PM', 'Friday: 11:00 AM – 2:30 PM, 5:00 – 8:30 PM', 'Saturday: Closed', 'Sunday: Closed']",4.8,https://scontent-tpe1-1.xx.fbcdn.net/v/t1.0-9/120456780_3377680112277604_5368786367435496655_n.jpg?_nc_cat=108&ccb=2&_nc_sid=8bfeb9&_nc_ohc=Vdt9tDohjhcAX9LQPjL&_nc_ht=scontent-tpe1-1.xx&oh=13fac94a1fb88ebbd9c73bc6bbd217cb&oe=5FC5F0AF,,,,
黎記北越河粉,106台灣台北市大安區和平東路二段118巷54弄9號,02 2736 5200,"['Monday: 11:00 AM – 9:00 PM', 'Tuesday: 11:00 AM – 9:00 PM', 'Wednesday: 11:00 AM – 9:00 PM', 'Thursday: 11:00 AM – 9:00 PM', 'Friday: 11:00 AM – 9:00 PM', 'Saturday: 11:00 AM – 8:00 PM', 'Sunday: Closed']",4,https://scontent-tpe1-1.xx.fbcdn.net/v/t1.0-9/105946757_157328655853672_8258644003399454877_o.jpg?_nc_cat=107&ccb=2&_nc_sid=8bfeb9&_nc_ohc=cgP58L3cZOkAX_GooaG&_nc_ht=scontent-tpe1-1.xx&oh=49d8733e1e88bd12c893cc76cf6afbfa&oe=5FC5B1D3,,,,
淺草日式飯糰,106台灣台北市大安區和平東路二段118巷54弄13號,02 2737 0158,"['Monday: 7:00 AM – 6:00 PM', 'Tuesday: 7:00 AM – 6:00 PM', 'Wednesday: 7:00 AM – 6:00 PM', 'Thursday: 7:00 AM – 6:00 PM', 'Friday: 7:00 AM – 6:00 PM', 'Saturday: 7:00 AM – 1:30 PM', 'Sunday: Closed']",4.3,https://cdn3.tw.orstatic.com/userphoto/photo/C/9U9/01XZ4UA6972B7B40D779CCpx.jpg,,,,
安好食,106台灣台北市大安區新生南路三段86巷9號,02 2366 0835,"['Monday: 7:00 AM – 2:00 PM', 'Tuesday: 7:00 AM – 2:00 PM', 'Wednesday: 7:00 AM – 2:00 PM', 'Thursday: 7:00 AM – 2:00 PM', 'Friday: 7:00 AM – 2:00 PM', 'Saturday: 8:00 AM – 3:00 PM', 'Sunday: 8:00 AM – 3:00 PM']",4.3,https://pic.pimg.tw/irisitravel/1588948514-1322715974_wn.jpg,,,,
安好食 和平店-輕食早午餐 必吃捲餅吐司 外燴點心餐盒(預約外送),106台灣台北市大安區和平東路二段118巷54弄6號,02 2738 4185,"['Monday: 7:00 AM – 2:00 PM', 'Tuesday: 7:00 AM – 2:00 PM', 'Wednesday: 7:00 AM – 2:00 PM', 'Thursday: 7:00 AM – 2:00 PM', 'Friday: 7:00 AM – 2:00 PM', 'Saturday: 8:00 AM – 3:00 PM', 'Sunday: 8:00 AM – 3:00 PM']",4.7,https://pic.pimg.tw/irisitravel/1588948514-1322715974_wn.jpg,,,,
梧貳WUERFOODS(歐姆蛋包飯專賣店),106台灣台北市大安區和平東路二段118巷56號,0972 468 890,"['Monday: 11:30 AM – 8:00 PM', 'Tuesday: 11:30 AM – 8:00 PM', 'Wednesday: 11:30 AM – 8:00 PM', 'Thursday: 11:30 AM – 8:00 PM', 'Friday: 11:30 AM – 8:00 PM', 'Saturday: Closed', 'Sunday: 11:30 AM – 8:00 PM']",4.6,,,,,
高和食堂,106台灣台北市大安區和平東路二段118巷60號,02 7709 8815,"['Monday: 11:30 AM – 8:30 PM', 'Tuesday: 11:30 AM – 8:30 PM', 'Wednesday: 11:30 AM – 8:30 PM', 'Thursday: 11:30 AM – 8:30 PM', 'Friday: 11:30 AM – 8:30 PM', 'Saturday: 11:30 AM – 8:30 PM', 'Sunday: 11:30 AM – 8:30 PM']",4.1,https://pic.pimg.tw/gotwtop1/1537836084-1100193709_n.jpg,https://pic.pimg.tw/gotwtop1/1537836084-2817174936_n.jpg,,,
阿玉水餃 (生水餃專賣店),106台灣台北市大安區辛亥路二段217號,02 2736 5875,"['Monday: 8:00 AM – 8:00 PM', 'Tuesday: 8:00 AM – 8:00 PM', 'Wednesday: 8:00 AM – 8:00 PM', 'Thursday: 8:00 AM – 8:00 PM', 'Friday: 8:00 AM – 8:00 PM', 'Saturday: 8:00 AM – 8:00 PM', 'Sunday: 8:00 AM – 8:00 PM']",4.2,https://img.wiselyview.cc/2012/0004/010404blog03.jpg,,,,
麥當勞-復興二店,106台灣台北市大安區復興南路二段273號,02 2754 7577,"['Monday: Open 24 hours', 'Tuesday: Open 24 hours', 'Wednesday: Open 24 hours', 'Thursday: Open 24 hours', 'Friday: Open 24 hours', 'Saturday: Open 24 hours', 'Sunday: Open 24 hours']",3.5,https://img.komicolle.org/2020-04/15876811129839.jpg,,,,
星巴克 興和門市,106台灣台北市大安區復興南路二段275號,02 2701 9918,"['Monday: 7:00 AM – 9:30 PM', 'Tuesday: 7:00 AM – 9:30 PM', 'Wednesday: 7:00 AM – 9:30 PM', 'Thursday: 7:00 AM – 9:30 PM', 'Friday: 7:00 AM – 9:30 PM', 'Saturday: 7:00 AM – 9:30 PM', 'Sunday: 7:00 AM – 9:30 PM']",4,https://img.j10192001.com/uploads/20180805162124_14.jpg,,,,
丹堤咖啡,106台灣台北市大安區復興南路二段277號,02 2705 8777,"['Monday: 7:00 AM – 9:30 PM', 'Tuesday: 7:00 AM – 9:30 PM', 'Wednesday: 7:00 AM – 9:30 PM', 'Thursday: 7:00 AM – 9:30 PM', 'Friday: 7:00 AM – 9:30 PM', 'Saturday: 7:00 AM – 9:30 PM', 'Sunday: 7:00 AM – 9:30 PM']",3.6,https://twcoupon.com/images/menu/P_dante.jpg,,,,
福勝亭 科技大樓店,106台灣台北市大安區復興南路二段277號,02 2701 6746,"['Monday: 11:00 AM – 9:00 PM', 'Tuesday: 11:00 AM – 9:00 PM', 'Wednesday: 11:00 AM – 9:00 PM', 'Thursday: 11:00 AM – 9:00 PM', 'Friday: 11:00 AM – 9:00 PM', 'Saturday: 11:00 AM – 9:00 PM', 'Sunday: 11:00 AM – 9:00 PM']",4,https://cdn4.tw.orstatic.com/userphoto/File/0/6/00019Z0459F47F67F1D71Dkx.jpg,,,,
玉欣珍傳統美食坊,106台灣台北市大安區復興南路二段291號,02 2755 1084,"['Monday: Open 24 hours', 'Tuesday: Open 24 hours', 'Wednesday: Open 24 hours', 'Thursday: Open 24 hours', 'Friday: Open 24 hours', 'Saturday: Open 24 hours', 'Sunday: Open 24 hours']",3.4,https://cdn2.tw.orstatic.com/userphoto/photo/A/8M6/01P9T17663A6191A10AFF6px.jpg,,,,
無名鹹水雞,106台灣台北市大安區和平東路二段265巷,,,3.6,,,,,
小辣椒魷魚羹,106台灣台北市大安區和平東路二段267之1號,02 2784 8586,"['Monday: 9:30 AM – 11:30 PM', 'Tuesday: 9:30 AM – 11:30 PM', 'Wednesday: 9:30 AM – 11:30 PM', 'Thursday: 9:30 AM – 11:30 PM', 'Friday: 9:30 AM – 11:30 PM', 'Saturday: 9:30 AM – 11:30 PM', 'Sunday: Closed']",3.5,https://cdn.walkerland.com.tw/images/upload/poi/p50447/m35801/8f1003deffb77a08ce962af40a6d6bd9fa208dd7.jpg,,,,
烏弄原生茶飲 (科技大樓店),106台灣台北市大安區和平東路二段269號,02 2707 0707,"['Monday: 10:00 AM – 10:00 PM', 'Tuesday: 10:00 AM – 10:00 PM', 'Wednesday: 10:00 AM – 10:00 PM', 'Thursday: 10:00 AM – 10:00 PM', 'Friday: 10:00 AM – 10:00 PM', 'Saturday: 11:00 AM – 9:00 PM', 'Sunday: 11:00 AM – 9:00 PM']",4.9,http://www.unocha.com.tw/images/unocha-menu-01.jpg,,,,
佳興魚丸店 和平店,106台灣台北市大安區和平東路二段271號,02 2705 0758,"['Monday: 9:30 AM – 9:30 PM', 'Tuesday: 9:30 AM – 9:30 PM', 'Wednesday: 9:30 AM – 9:30 PM', 'Thursday: 9:30 AM – 9:30 PM', 'Friday: 9:30 AM – 9:30 PM', 'Saturday: 9:30 AM – 9:30 PM', 'Sunday: 9:30 AM – 9:30 PM']",3.5,http://1.bp.blogspot.com/-Er0PgBr_z28/VScw1GYbPlI/AAAAAAAAzTY/mg5k4AjWRSw/s1600/IMG_20150401_172915.jpg,,,,
陳記腸蚵麵線大安店,106台灣台北市大安區和平東路二段279號,02 2703 3585,"['Monday: 8:30 AM – 9:00 PM', 'Tuesday: 8:30 AM – 9:00 PM', 'Wednesday: 8:30 AM – 9:00 PM', 'Thursday: 8:30 AM – 9:00 PM', 'Friday: 8:30 AM – 9:00 PM', 'Saturday: 8:30 AM – 9:00 PM', 'Sunday: Closed']",3.9,https://picdn.gomaji.com/uploads/stores/968/139968/232914/2019-08-26_103117.png,,,,
麥將軍烘焙坊,106台灣台北市大安區和平東路二段285號,02 2708 6089,"['Monday: 8:00 AM – 10:00 PM', 'Tuesday: 8:00 AM – 10:00 PM', 'Wednesday: 8:00 AM – 10:00 PM', 'Thursday: 8:00 AM – 10:00 PM', 'Friday: 8:00 AM – 10:00 PM', 'Saturday: Closed', 'Sunday: 8:00 AM – 10:00 PM']",4.7,,,,,
Laya Burger,106台灣台北市大安區和平東路二段291號,02 2700 9780,"['Monday: 6:00 AM – 1:00 PM', 'Tuesday: 6:00 AM – 1:00 PM', 'Wednesday: 6:00 AM – 1:00 PM', 'Thursday: 6:00 AM – 1:00 PM', 'Friday: 6:00 AM – 1:00 PM', 'Saturday: 6:00 AM – 12:00 PM', 'Sunday: Closed']",3.9,https://images.squarespace-cdn.com/content/v1/5c05f9eff8370aabeed9bdbd/1559095160199-ZB5K37YSCJEWNC3CMIVT/ke17ZwdGBToddI8pDm48kFKCwwWsc7Tk4OnLDnI12Ux7gQa3H78H3Y0txjaiv_0fDoOvxcdMmMKkDsyUqMSsMWxHk725yiiHCCLfrh8O1z4YTzHvnKhyp6Da-NYroOW3ZGjoBKy3azqku80C789l0geeCvn1f36QDdcifB7yxGhm3u-jezcMTSV0gMhk1kdKCvNNbEXKiGBS05W9ljrVOg/1905-3%2B1+DM-01.jpg?format=1000w,,,,
勾癮咖啡,106台灣台北市大安區和平東路二段293號,02 2700 5198,"['Monday: 7:00 AM – 6:00 PM', 'Tuesday: 7:00 AM – 6:00 PM', 'Wednesday: 7:00 AM – 6:00 PM', 'Thursday: 7:00 AM – 6:00 PM', 'Friday: 7:00 AM – 6:00 PM', 'Saturday: 8:00 AM – 6:00 PM', 'Sunday: 8:00 AM – 6:00 PM']",4.2,https://scontent-tpe1-1.xx.fbcdn.net/v/t1.0-9/31416761_592203887802221_1739682699490273033_n.jpg?_nc_cat=103&ccb=2&_nc_sid=730e14&_nc_ohc=RVbK40tQNWYAX9uaV_F&_nc_ht=scontent-tpe1-1.xx&oh=d87315d6f8a561d0944539fa583c6f3f&oe=5FC2ACB4,,,,
手工可口包子饅頭,106台灣台北市大安區和平東路二段295號,02 2701 8211,"['Monday: 6:00 AM – 9:00 PM', 'Tuesday: 6:00 AM – 9:00 PM', 'Wednesday: 6:00 AM – 9:00 PM', 'Thursday: 6:00 AM – 9:00 PM', 'Friday: 6:00 AM – 9:00 PM', 'Saturday: 6:00 AM – 7:00 PM', 'Sunday: Closed']",2.6,,,,,
Co Co 都可(和平東門市),106台灣台北市大安區和平東路二段305號,02 2705 4832,"['Monday: 10:30 AM – 9:15 PM', 'Tuesday: 10:30 AM – 9:15 PM', 'Wednesday: 10:30 AM – 9:15 PM', 'Thursday: 10:30 AM – 9:15 PM', 'Friday: 10:30 AM – 9:15 PM', 'Saturday: 11:00 AM – 9:15 PM', 'Sunday: 11:00 AM – 9:00 PM']",4.1,https://1.bp.blogspot.com/-DAefez55oB8/XWuDH69GlkI/AAAAAAAAS0Y/CVebgq2RfbklKOybbTXEOlTQ5Ducgsl9ACLcBGAs/s1600/%25E3%2580%2590Coco%25E9%2583%25BD%25E5%258F%25AF%25E3%2580%25912019%25E8%258F%259C%25E5%2596%25AE%25E5%2583%25B9%25E7%259B%25AE%25E8%25A1%25A8.png,,,,
Artco de cafe 典藏咖啡北教大店,106台灣台北市大安區和平東路二段134號,02 2737 1667,"['Monday: 8:00 AM – 10:00 PM', 'Tuesday: 8:00 AM – 10:00 PM', 'Wednesday: 8:00 AM – 10:00 PM', 'Thursday: 8:00 AM – 10:00 PM', 'Friday: 8:00 AM – 10:00 PM', 'Saturday: 8:00 AM – 10:00 PM', 'Sunday: 8:00 AM – 10:00 PM']",4.4,https://scontent-tpe1-1.xx.fbcdn.net/v/t1.0-9/76914259_2583035431785976_9177089714086215680_n.jpg?_nc_cat=106&ccb=2&_nc_sid=8bfeb9&_nc_ohc=fHA9I1Q__pwAX8IkgQh&_nc_ht=scontent-tpe1-1.xx&oh=c502f52aabc93d18fd724059cfe3695b&oe=5FC3DD70,https://scontent-tpe1-1.xx.fbcdn.net/v/t1.0-9/75557542_2583035445119308_805073280124846080_n.jpg?_nc_cat=111&ccb=2&_nc_sid=8bfeb9&_nc_ohc=tnT0nrG2mBoAX8gUbUL&_nc_ht=scontent-tpe1-1.xx&oh=a7101850a580d6e1dcec6ae0f8b20278&oe=5FC4981E,,,
八方雲集 (師院店),106台灣台北市大安區和平東路二段311巷2號,02 2754 0220,"['Monday: 10:30 AM – 9:00 PM', 'Tuesday: 10:30 AM – 9:00 PM', 'Wednesday: 10:30 AM – 9:00 PM', 'Thursday: 10:30 AM – 9:00 PM', 'Friday: 10:30 AM – 9:00 PM', 'Saturday: 10:30 AM – 9:00 PM', 'Sunday: 10:30 AM – 9:00 PM']",2.8,https://img.achingfoodie.tw/uploads/20200615203812_63-scaled.jpg,,,,
景美阿郎鹽酥雞,106台灣台北市大安區和平東路二段311巷3號,,"['Monday: 6:00 PM – 12:00 AM', 'Tuesday: 6:00 PM – 12:00 AM', 'Wednesday: 6:00 PM – 12:00 AM', 'Thursday: 6:00 PM – 12:00 AM', 'Friday: 6:00 PM – 12:00 AM', 'Saturday: 6:00 PM – 12:00 AM', 'Sunday: 6:00 PM – 12:00 AM']",3.8,,,,,
回溫豆花飲品,106台灣台北市大安區和平東路二段311巷18號,02 2754 5277,"['Monday: 11:30 AM – 10:00 PM', 'Tuesday: 11:30 AM – 10:00 PM', 'Wednesday: 11:30 AM – 10:00 PM', 'Thursday: 11:30 AM – 10:00 PM', 'Friday: 11:30 AM – 10:00 PM', 'Saturday: 11:30 AM – 10:00 PM', 'Sunday: 11:30 AM – 10:00 PM']",4.3,https://scontent-tpe1-1.xx.fbcdn.net/v/t1.0-9/s960x960/33058903_1830540780583163_6939433502584602624_o.jpg?_nc_cat=111&ccb=2&_nc_sid=0be424&_nc_ohc=57yRiIENmUEAX-FI65m&_nc_ht=scontent-tpe1-1.xx&tp=7&oh=350540bcd911d9efb1674cca82711a03&oe=5FC3D205,,,,
哨子麵,106台灣台北市大安區和平東路二段311巷20號,02 2705 7010,"['Monday: 11:00 AM – 9:00 PM', 'Tuesday: 11:00 AM – 9:00 PM', 'Wednesday: 11:00 AM – 9:00 PM', 'Thursday: 11:00 AM – 9:00 PM', 'Friday: 11:00 AM – 9:00 PM', 'Saturday: 11:00 AM – 9:00 PM', 'Sunday: 11:00 AM – 9:00 PM']",3.9,http://3.bp.blogspot.com/-CXxsRUIkXnM/VJUf6Hc81VI/AAAAAAAAt5s/CcoADUg4Z14/s1600/IMG_20141216_180636.jpg,,,,
山立燻凍奇雞,106台灣台北市大安區和平東路二段311巷20-1號,0923 511 319,"['Monday: 3:00 – 7:30 PM', 'Tuesday: 3:00 – 7:30 PM', 'Wednesday: 3:00 – 7:30 PM', 'Thursday: 3:00 – 7:30 PM', 'Friday: 3:00 – 7:30 PM', 'Saturday: 3:00 – 7:30 PM', 'Sunday: Closed']",4.3,,,,,
羅胖子熗鍋麵,106台灣台北市大安區和平東路二段311巷20-3號,02 2705 8381,"['Monday: 11:30 AM – 2:00 PM, 5:00 – 8:00 PM', 'Tuesday: 11:30 AM – 2:00 PM, 5:00 – 8:00 PM', 'Wednesday: 11:30 AM – 2:00 PM, 5:00 – 8:00 PM', 'Thursday: 11:30 AM – 2:00 PM, 5:00 – 8:00 PM', 'Friday: 11:30 AM – 2:00 PM, 5:00 – 8:00 PM', 'Saturday: 11:30 AM – 2:00 PM, 5:00 – 8:00 PM', 'Sunday: Closed']",3.7,https://g.udn.com.tw/upfiles/B_UP/uppu/PSN_PHOTO/904/f_24346904_1.jpg,,,,
越南河粉,106台灣台北市大安區和平東路二段311巷23號,02 2705 5383,"['Monday: 11:00 AM – 8:50 PM', 'Tuesday: 11:00 AM – 8:50 PM', 'Wednesday: 11:00 AM – 8:50 PM', 'Thursday: 11:00 AM – 8:50 PM', 'Friday: 11:00 AM – 8:50 PM', 'Saturday: 11:00 AM – 8:50 PM', 'Sunday: Closed']",4.1,https://pic.pimg.tw/winne33200/1526459162-1219032483_l.jpg,,,,
越南河粉,106台灣台北市大安區瑞安街155之3號,02 2704 7101,,3.8,https://s3-media0.fl.yelpcdn.com/bphoto/D0OiDgcCzOLZZYrYdBaSlQ/o.jpg,,,,
樂亭麵 和平店 - 元氣耗損的打氣者| 南陽肉骨茶 紅燒牛肉麵 當歸羊肉湯 必吃 人氣 國北 國北教 國北教大 國北師 國北教育大學 科技大樓站 銅板 好吃 ptt,106台灣台北市大安區和平東路二段311巷20之4號,02 2784 7388,"['Monday: 11:00 AM – 9:00 PM', 'Tuesday: 11:00 AM – 9:00 PM', 'Wednesday: 11:00 AM – 9:00 PM', 'Thursday: 11:00 AM – 9:00 PM', 'Friday: 11:00 AM – 9:00 PM', 'Saturday: 11:00 AM – 9:00 PM', 'Sunday: 11:00 AM – 9:00 PM']",4.2,https://lh3.googleusercontent.com/I2dTb6W-5bQLNErpInsg7w8KmNt_ZIwG0Sr2aR0pchDErnULYiDFAOaa3bcymJQIX0nXfn7Ay8SNutAMt7TdC1Q72STTdHE=s767,,,,
芝鄉涼麵,106台灣台北市大安區和平東路二段311巷26號,02 2700 3080,"['Monday: 6:00 AM – 2:00 PM', 'Tuesday: 6:00 AM – 7:30 PM', 'Wednesday: 6:00 AM – 7:30 PM', 'Thursday: 6:00 AM – 7:30 PM', 'Friday: 6:00 AM – 7:30 PM', 'Saturday: 6:00 AM – 7:30 PM', 'Sunday: 6:00 AM – 2:00 PM']",4.1,https://s3-us-west-1.amazonaws.com/pic.2bite.com/event/5a1ac0ac570cd250080a3131/5402b79d1e1149e39b21b7b27af6931f.jpg,,,,
香港金葉燒臘,106台灣台北市大安區和平東路二段311巷28號,,"['Monday: 10:00 AM – 8:00 PM', 'Tuesday: 10:00 AM – 8:00 PM', 'Wednesday: 10:00 AM – 8:00 PM', 'Thursday: 10:00 AM – 8:00 PM', 'Friday: 10:00 AM – 8:00 PM', 'Saturday: 10:00 AM – 8:00 PM', 'Sunday: Closed']",3,https://s3-us-west-1.amazonaws.com/pic.2bite.com/event/56534612518f6e4f078b5472/b5315c80947749d0bf1a8920a4b17785.jpg,,,,
寶島扁食.麵.飯,106台灣台北市大安區和平東路二段311巷38號,02 2701 5782,"['Monday: 11:00 AM – 8:00 PM', 'Tuesday: 11:00 AM – 8:00 PM', 'Wednesday: 11:00 AM – 8:00 PM', 'Thursday: 11:00 AM – 8:00 PM', 'Friday: 11:00 AM – 8:00 PM', 'Saturday: Closed', 'Sunday: Closed']",3.9,,,,,
原川日式精緻涮涮鍋,106台灣台北市大安區和平東路二段311巷43弄24號,02 2700 7715,"['Monday: 11:30 AM – 2:00 PM, 5:00 – 9:30 PM', 'Tuesday: 11:30 AM – 2:00 PM, 5:00 – 9:30 PM', 'Wednesday: 11:30 AM – 2:00 PM, 5:00 – 9:30 PM', 'Thursday: 11:30 AM – 2:00 PM, 5:00 – 9:30 PM', 'Friday: 11:30 AM – 2:00 PM, 5:00 – 9:30 PM', 'Saturday: 11:30 AM – 9:30 PM', 'Sunday: 11:30 AM – 9:30 PM']",4.1,https://miro.medium.com/max/875/1*CjV-5qmTiTh8zaw41OKekw@2x.jpeg,,,,
少小白大安旗艦店,106台灣台北市大安區大安路一段169巷1號,02 2700 0272,"['Monday: 7:30 AM – 8:30 PM', 'Tuesday: 7:30 AM – 8:30 PM', 'Wednesday: 7:30 AM – 8:30 PM', 'Thursday: 7:30 AM – 8:30 PM', 'Friday: 7:30 AM – 8:30 PM', 'Saturday: 10:00 AM – 6:00 PM', 'Sunday: Closed']",4.6,https://imgur.dcard.tw/UJijZash.jpg,,,,
劉家飯糰,106台灣台北市大安區和平東路二段321號,02 2706 6356,"['Monday: 6:30 AM – 12:00 PM', 'Tuesday: 6:30 AM – 12:00 PM', 'Wednesday: 6:30 AM – 12:00 PM', 'Thursday: 6:30 AM – 12:00 PM', 'Friday: 6:30 AM – 12:00 PM', 'Saturday: 6:30 AM – 12:00 PM', 'Sunday: Closed']",4.3,,,,,
盛味豐炭烤燒餅,106台灣台北市大安區和平東路二段321號,02 2702 2232,"['Monday: 6:30 AM – 6:30 PM', 'Tuesday: 6:30 AM – 6:30 PM', 'Wednesday: 6:30 AM – 6:30 PM', 'Thursday: 6:30 AM – 6:30 PM', 'Friday: 6:30 AM – 6:30 PM', 'Saturday: 6:30 AM – 6:00 PM', 'Sunday: Closed']",4.4,https://pic.pimg.tw/peko721/1541148903-2977692596.jpg,,,,
澳客炙燒牛排,106台灣台北市大安區和平東路二段329號,02 2700 7759,"['Monday: 11:30 AM – 3:00 PM, 5:00 – 9:00 PM', 'Tuesday: 11:30 AM – 3:00 PM, 5:00 – 9:00 PM', 'Wednesday: 11:30 AM – 3:00 PM, 5:00 – 9:00 PM', 'Thursday: 11:30 AM – 3:00 PM, 5:00 – 9:00 PM', 'Friday: 11:30 AM – 3:00 PM, 5:00 – 9:00 PM', 'Saturday: 11:30 AM – 3:00 PM, 5:00 – 9:00 PM', 'Sunday: 11:30 AM – 3:00 PM, 5:00 – 9:00 PM']",3.6,https://acarpblog.com/wp-content/uploads/2017/07/DSC07367.jpg,,,,
辛川屋,106台灣台北市大安區和平東路二段331號,02 2700 6131,"['Monday: 11:00 AM – 9:00 PM', 'Tuesday: 11:00 AM – 9:00 PM', 'Wednesday: 11:00 AM – 9:00 PM', 'Thursday: 11:00 AM – 9:00 PM', 'Friday: 11:00 AM – 9:00 PM', 'Saturday: 11:00 AM – 9:00 PM', 'Sunday: 11:00 AM – 9:00 PM']",3.4,https://picdn.gomaji.com/uploads/stores/363/133363/222617/90.png,,,,
溫州大餛飩,106台灣台北市大安區和平東路二段335號,02 2708 0737,"['Monday: 8:00 AM – 10:00 PM', 'Tuesday: 8:00 AM – 10:00 PM', 'Wednesday: 8:00 AM – 10:00 PM', 'Thursday: 8:00 AM – 10:00 PM', 'Friday: 8:00 AM – 10:00 PM', 'Saturday: 8:00 AM – 10:00 PM', 'Sunday: 8:00 AM – 10:00 PM']",3.6,https://pic.pimg.tw/sedo888/1380299470-64757984.jpg,,,,
春山茶水舖,106台灣台北市大安區復興南路二段323號,02 2737 0198,"['Monday: 8:00 AM – 6:00 PM', 'Tuesday: 8:00 AM – 6:00 PM', 'Wednesday: 8:00 AM – 6:00 PM', 'Thursday: 8:00 AM – 6:00 PM', 'Friday: 8:00 AM – 6:00 PM', 'Saturday: 8:00 AM – 6:00 PM', 'Sunday: Closed']",4.5,https://i2.wp.com/img.vivawei.tw/20170526210030_53.jpg,,,,
RUFOUS COFFEE ROASTERS,106台灣台北市大安區復興南路二段339號,02 2736 6880,"['Monday: 1:00 – 9:30 PM', 'Tuesday: 1:00 – 9:30 PM', 'Wednesday: 1:00 – 9:30 PM', 'Thursday: Closed', 'Friday: 1:00 – 9:30 PM', 'Saturday: 1:00 – 9:30 PM', 'Sunday: 1:00 – 9:30 PM']",4.6,https://img.tenjo.tw/uploads/20180107000252_72.jpg,,,,
池先生kopitiam(大安店）,106台灣台北市大安區復興南路二段385號,02 2738 9255,"['Monday: 11:30 AM – 3:00 PM, 5:00 – 8:30 PM', 'Tuesday: 11:30 AM – 3:00 PM, 5:00 – 8:30 PM', 'Wednesday: 11:30 AM – 3:00 PM, 5:00 – 8:30 PM', 'Thursday: 11:30 AM – 3:00 PM, 5:00 – 8:30 PM', 'Friday: 11:30 AM – 3:00 PM, 5:00 – 8:30 PM', 'Saturday: 11:30 AM – 8:30 PM', 'Sunday: 11:30 AM – 8:30 PM']",4.3,https://pic.pimg.tw/peko721/1555248062-3195970263.jpg,https://pic.pimg.tw/peko721/1555248065-2592723823.jpg,https://pic.pimg.tw/peko721/1555248064-157903710.jpg,https://pic.pimg.tw/peko721/1555248063-2059726203.jpg,
松田日式飯糰,106台灣台北市大安區和平東路二段118巷5號,02 2736 8825,"['Monday: 7:15 AM – 2:00 PM, 5:00 – 7:00 PM', 'Tuesday: 7:15 AM – 2:00 PM, 5:00 – 7:00 PM', 'Wednesday: 7:15 AM – 2:00 PM, 5:00 – 7:00 PM', 'Thursday: 7:15 AM – 2:00 PM, 5:00 – 7:00 PM', 'Friday: 7:15 AM – 2:00 PM, 5:00 – 7:00 PM', 'Saturday: 7:30 – 11:00 AM', 'Sunday: Closed']",4.6,https://scontent-tpe1-1.xx.fbcdn.net/v/t1.0-9/76997958_2420826471468473_9151741723343323136_n.jpg?_nc_cat=107&ccb=2&_nc_sid=e3f864&_nc_ohc=9Oz1ob6AsD0AX-BzMiQ&_nc_ht=scontent-tpe1-1.xx&oh=e86e32548d300303210551b6df886fcf&oe=5FD58528,,,,
Barkers,106台灣台北市大安區和平東路二段118巷41號,02 2377 3238,"['Monday: 11:00 AM – 3:00 PM, 5:00 – 9:00 PM', 'Tuesday: 11:00 AM – 3:00 PM, 5:00 – 9:00 PM', 'Wednesday: 11:00 AM – 3:00 PM, 5:00 – 9:00 PM', 'Thursday: 11:00 AM – 3:00 PM, 5:00 – 9:00 PM', 'Friday: 11:00 AM – 3:00 PM, 5:00 – 9:00 PM', 'Saturday: 11:00 AM – 3:00 PM, 5:00 – 9:00 PM', 'Sunday: Closed']",4.3,https://scontent-tpe1-1.xx.fbcdn.net/v/t1.0-9/39883042_965781823623316_2960842950830981120_o.jpg?_nc_cat=102&ccb=2&_nc_sid=cdbe9c&_nc_ohc=cwlR3GlLYHkAX-YcFyE&_nc_ht=scontent-tpe1-1.xx&oh=7ed35971d387e7bba9cd8f69215485ee&oe=5FD368EC,,,,
郭董麻辣牛肉麵,106台灣台北市大安區和平東路二段118巷59號,02 2737 1884,"['Monday: 11:30 AM – 2:30 PM, 5:00 – 8:30 PM', 'Tuesday: 11:30 AM – 2:30 PM, 5:00 – 8:30 PM', 'Wednesday: 11:30 AM – 2:30 PM, 5:00 – 8:30 PM', 'Thursday: 11:30 AM – 2:30 PM, 5:00 – 8:30 PM', 'Friday: 11:30 AM – 2:30 PM, 5:00 – 8:30 PM', 'Saturday: 11:30 AM – 2:30 PM, 5:00 – 8:30 PM', 'Sunday: 11:30 AM – 2:30 PM, 5:00 – 8:30 PM']",3.9,https://scontent-tpe1-1.xx.fbcdn.net/v/t31.0-8/21950042_1500882210000560_6128691699293886053_o.jpg?_nc_cat=109&ccb=2&_nc_sid=8bfeb9&_nc_aid=0&_nc_ohc=KmqhdhzaaNUAX9QkTvE&_nc_ht=scontent-tpe1-1.xx&oh=42f30669c818491117b711a80f7279f8&oe=5FD57B93,,,,
小姐姐麻辣食堂,106台灣台北市大安區和平東路二段118巷4弄2號,02 2732 1649,"['Monday: 11:30 AM – 10:00 PM', 'Tuesday: 11:30 AM – 10:00 PM', 'Wednesday: 11:30 AM – 10:00 PM', 'Thursday: 11:30 AM – 10:00 PM', 'Friday: 11:30 AM – 10:00 PM', 'Saturday: 11:30 AM – 10:00 PM', 'Sunday: 11:30 AM – 10:00 PM']",4.9,https://pic.pimg.tw/keeat/1540692430-3566464540_l.jpg,,,,
李記水餃,106台灣台北市大安區和平東路二段118巷54弄1號,02 2736 7202,,3.7,https://pic.pimg.tw/ian60702/1472262987-3375272196.jpg,,,,
韓喜堂,106台灣台北市大安區和平東路二段118巷54弄29號 ,02 2733 0268,"['Monday: 11:00 AM – 7:30 PM', 'Tuesday: 11:00 AM – 7:30 PM', 'Wednesday: 11:00 AM – 7:30 PM', 'Thursday: 11:00 AM – 7:30 PM', 'Friday: 11:00 AM – 7:30 PM', 'Saturday: 11:00 AM – 7:30 PM', 'Sunday: Closed']",3.7,https://cdn.walkerland.com.tw/images/upload/poi/p93093/m28908/def4c81cfc3447cebd09d7747ece3300b63b3abf.jpg,,,,
蘇草salvia,106台灣台北市大安區辛亥路二段209號,02 2377 2289,"['Monday: 10:00 AM – 9:00 PM', 'Tuesday: 10:00 AM – 9:00 PM', 'Wednesday: 10:00 AM – 9:00 PM', 'Thursday: 10:00 AM – 9:00 PM', 'Friday: 10:00 AM – 9:00 PM', 'Saturday: 10:00 AM – 9:00 PM', 'Sunday: 10:00 AM – 9:00 PM']",4.4,https://cdn.walkerland.com.tw/images/upload/poi/p77351/m70573/8f9eee9a238ffde1ffb8373fe93bb1adf722e811.jpg,https://cdn.walkerland.com.tw/images/upload/poi/p77351/m70573/230813847dfdca9ed877bf4005c0a8e3e6cb7de4.jpg,https://cdn.walkerland.com.tw/images/upload/poi/p77351/m70573/474023539afa75d107c3622af3c3ec0608f17d90.jpg,https://cdn.walkerland.com.tw/images/upload/poi/p77351/m70573/0c4c1ee4954696befd9325228321588ff4d9c029.jpg,
巧房餡餅,106台灣台北市大安區和平東路二段313號,02 2700 8901,"['Monday: 11:00 AM – 7:30 PM', 'Tuesday: 11:00 AM – 7:30 PM', 'Wednesday: 11:00 AM – 7:30 PM', 'Thursday: 11:00 AM – 7:30 PM', 'Friday: 11:00 AM – 7:30 PM', 'Saturday: 11:00 AM – 7:30 PM', 'Sunday: Closed']",4.3,https://pic.pimg.tw/rabbit38844/1370671465-616206943.jpg,,,,
日日良選 科技大樓店,106台灣台北市大安區和平東路二段311巷3號,02 2784 0010,"['Monday: 11:00 AM – 9:00 PM', 'Tuesday: 11:00 AM – 9:00 PM', 'Wednesday: 11:00 AM – 9:00 PM', 'Thursday: 11:00 AM – 9:00 PM', 'Friday: 11:00 AM – 9:00 PM', 'Saturday: 12:00 – 9:00 PM', 'Sunday: 12:00 – 9:00 PM']",4.4,https://scontent-tpe1-1.xx.fbcdn.net/v/t1.0-9/38136074_682668452071166_5546428578876358656_o.jpg?_nc_cat=105&ccb=2&_nc_sid=a26aad&_nc_ohc=GGsNgPLkpwMAX9N-nHW&_nc_ht=scontent-tpe1-1.xx&oh=01febadd482c007156cdf3ec9ac1d7ca&oe=5FD51EE5,,,,
囍庄茶舖,106台灣台北市大安區和平東路二段311巷7號,02 2700 2701,"['Monday: 11:00 AM – 11:00 PM', 'Tuesday: 11:00 AM – 11:00 PM', 'Wednesday: 11:00 AM – 11:00 PM', 'Thursday: 11:00 AM – 11:00 PM', 'Friday: 11:00 AM – 11:00 PM', 'Saturday: 11:00 AM – 11:00 PM', 'Sunday: 11:00 AM – 11:00 PM']",4.3,https://scontent.fybz2-2.fna.fbcdn.net/v/t1.0-9/s720x720/48921828_1090635671096850_6640735105721565184_n.jpg?_nc_cat=104&ccb=2&_nc_sid=110474&_nc_ohc=cTFZkWIew-QAX_nQ19p&_nc_ht=scontent.fybz2-2.fna&tp=7&oh=6b1a5dec878b69d21885531a360abca9&oe=5FBCF604,,,,
濃氣屋 拉麵 忠孝店,106台灣台北市大安區忠孝東路四段205巷9號B1,02 2771 1335,"['Monday: 11:30 AM – 10:00 PM', 'Tuesday: 11:30 AM – 10:00 PM', 'Wednesday: 11:30 AM – 10:00 PM', 'Thursday: 11:30 AM – 10:00 PM', 'Friday: 11:30 AM – 11:00 PM', 'Saturday: 11:30 AM – 11:00 PM', 'Sunday: 11:30 AM – 10:00 PM']",4.6,https://scontent-tpe1-1.xx.fbcdn.net/v/t1.0-9/48421817_1089167561266950_4469765361071292416_o.jpg?_nc_cat=100&ccb=2&_nc_sid=cdbe9c&_nc_ohc=6bTW8BFGKa0AX9_PEEF&_nc_ht=scontent-tpe1-1.xx&oh=bebdae5255551530ef7c5d66bc23ef05&oe=5FD48C65,,,,
桂師傅滷味科技大樓,106台灣台北市大安區和平東路二段311巷26號,,"['Monday: 5:00 – 11:00 PM', 'Tuesday: 5:00 – 11:00 PM', 'Wednesday: 5:00 – 11:00 PM', 'Thursday: 5:00 – 11:00 PM', 'Friday: 5:00 – 11:00 PM', 'Saturday: 5:00 – 11:00 PM', 'Sunday: Closed']",4.7,https://cdn.walkerland.com.tw/images/upload/poi/p84797/m49803/b477152c30897d5b68e6e407ecbccc8ea87ed1a2.jpg,,,,
和平食光咖啡,106台灣台北市大安區和平東路二段311巷36 號一樓,02 2700 0533,"['Monday: 7:00 AM – 3:00 PM', 'Tuesday: 7:00 AM – 3:00 PM', 'Wednesday: 7:00 AM – 3:00 PM', 'Thursday: 7:00 AM – 3:00 PM', 'Friday: 7:00 AM – 3:00 PM', 'Saturday: 7:00 AM – 3:00 PM', 'Sunday: 7:00 AM – 3:00 PM']",4.5,http://img.omofood.com/uploads/20180314234613_80.jpg,,,,
秘方雪人兄弟 Snow Bro,106台灣台北市大安區大安路一段194號,02 2703 6563,"['Monday: Closed', 'Tuesday: 12:30 – 10:00 PM', 'Wednesday: 12:30 – 10:00 PM', 'Thursday: 12:30 – 10:00 PM', 'Friday: 12:30 – 10:00 PM', 'Saturday: 12:30 – 10:00 PM', 'Sunday: 12:30 – 10:00 PM']",4.5,https://pic.pimg.tw/shinyban/1560694183-1281124207_l.jpg,,,,
